PdfFileName,FileSize,SentenceNums,Status,OpenFileTS, StartCheckTS, EndCheckTS, CheckTime(ms), TotalTime(ms), 
./pdf1\A blockchain framework for smart mobility.pdf,273.929 KB,387,Pass,1594460625894.3425,1594460625901.3428,1594460626029.3655,128.0226707458496,135.0231170654297
(Short Paper) Developing a Smart Storage Container for a Blockchain-Based Supply Chain Application.pdf,392.712 KB,192,Pass,1594460669919.7097,1594460669928.7097,1594460670112.686,183.976411819458,192.9764747619629
A blockchain framework for smart mobility.pdf,273.929 KB,387,Pass,1594460670187.2944,1594460670194.0046,1594460670316.0054,122.00093269348145,128.71098518371582
A Blockchain Model for Word-Learning Systems.pdf,340.283 KB,82,Pass,1594460670353.0762,1594460670360.0386,1594460670478.0042,117.9656982421875,124.92799758911133
A Blockchain Proxy for Lightweight IoT Devices.pdf,493.817 KB,222,Pass,1594460670500.0195,1594460670509.0344,1594460670646.0034,136.96908950805664,145.98393440246582
A Blockchain-Based Approach for the Creation of Digital Twins.pdf,2.076 MB,696,Pass,1594460670720.0361,1594460670746.0693,1594460670979.0452,232.97572135925293,259.00912284851074
A Blockchain-based Framework for Detecting Malicious Mobile Applications in App Stores.pdf,263.360 KB,259,Pass,1594460671050.7996,1594460671056.4211,1594460671223.3938,166.97263717651367,172.5940704345703
A Blockchain-based key Management Scheme for Named Data Networking.pdf,1.113 MB,267,Pass,1594460671251.4702,1594460671266.4324,1594460671415.4182,148.9858627319336,163.94782066345215
A Blockchain-Based Trusted Data Management Scheme in Edge Computing.pdf,2.373 MB,593,Pass,1594460671482.5215,1594460671511.5522,1594460675561.7798,4050.227403640747,4079.2582035064697
A consortium blockchain paradigm on hyperledger-based peer-to-peer lending system.pdf,1.068 MB,441,Pass,1594460675666.5586,1594460675680.5903,1594460675938.5571,257.9667568206787,271.99864387512207
A Cooperative Architecture for Blockchain Federated Mediators from Industry Perspective.pdf,367.123 KB,236,Pass,1594460675992.38,1594460675999.383,1594460676181.927,182.54399299621582,189.54706192016602
A Correctable Public Blockchain.pdf,191.349 KB,488,Pass,1594460676224.2349,1594460676229.0698,1594460676579.07,350.00038146972656,354.83527183532715
A Decentralized Service-Platform Towards Cross-Domain Entitlement Handling.pdf,521.863 KB,400,Pass,1594460676681.4058,1594460676690.4336,1594460676828.4045,137.9709243774414,146.99864387512207
A Financial Evaluation Framework for Blockchain Implementations.pdf,313.664 KB,511,Pass,1594460676868.4067,1594460676874.4355,1594460677278.739,404.30331230163574,410.33220291137695
A Full-Spectrum Blockchain-as-a-Service for Business Collaboration.pdf,491.056 KB,311,Pass,1594460677304.7454,1594460677313.7734,1594460677571.739,257.9655647277832,266.99352264404297
A Fully Decentralized Time-Lock Encryption System on Blockchain.pdf,574.943 KB,281,Pass,1594460677655.168,1594460677667.1665,1594460677800.1648,132.99822807312012,144.99664306640625
A Heuristic-Based Private Bitcoin Payment Network Formation Using Off-Chain Links.pdf,6.421 MB,511,Pass,1594460677827.1655,1594460677904.1636,1594460678719.1648,815.0012493133545,891.9992446899414
A High Performance Blockchain Platform for Intelligent Devices.pdf,1.553 MB,85,Pass,1594460678753.1663,1594460678774.1653,1594460679025.165,250.99968910217285,271.9988822937012
A Hybrid Blockchain Architecture for Privacy-Enabled and Accountable Auctions.pdf,617.283 KB,497,Pass,1594460679089.1638,1594460679103.1675,1594460679357.1646,253.9970874786377,268.00084114074707
A Lightweight Blockchain-Based Privacy Protection for Smart Surveillance at the Edge.pdf,137.515 KB,280,Pass,1594460679384.4739,1594460679388.4834,1594460679485.4834,97.0001220703125,101.00960731506348
A Lightweight Payment Verification Protocol for Blockchain Transactions on IoT Devices.pdf,256.245 KB,442,Pass,1594460679540.2554,1594460679546.2588,1594460679706.2573,159.99865531921387,166.0020351409912
A master-slave blockchain paradigm and application in digital rights management.pdf,1.068 MB,134,Pass,1594460679786.534,1594460679814.5354,1594460680676.5325,861.997127532959,889.9986743927002
A Measurement Study of Bitcoin Lightning Network.pdf,790.188 KB,674,Pass,1594460680703.534,1594460680715.5557,1594460680964.5322,248.976469039917,260.9982490539551
A method of image privacy protection based on blockchain technology.pdf,64.854 KB,141,Pass,1594460681016.225,1594460681019.2466,1594460681121.247,102.00047492980957,105.02195358276367
A Multiple Blockchains Architecture on Inter-Blockchain Communication.pdf,318.453 KB,335,Pass,1594460681159.174,1594460681166.17,1594460681431.1877,265.0177478790283,272.01366424560547
A Novel Blockchain Oracle Implementation Scheme Based on Application Specific Knowledge Engines.pdf,388.075 KB,285,Pass,1594460681454.2039,1594460681461.144,1594460681761.1665,300.0226020812988,306.9627285003662
A Permissioned Blockchain based Access Control System for IOT.pdf,836.873 KB,530,Pass,1594460681835.1638,1594460681847.1638,1594460682129.164,282.0000648498535,294.00014877319336
A Platform-independent| Generic-purpose| and Blockchain-based Supply Chain Tracking.pdf,81.128 KB,105,Pass,1594460682192.9292,1594460682197.9321,1594460682264.6929,66.76054000854492,71.76351547241211
A Privacy-Aware PKI System Based on Permissioned Blockchains.pdf,493.104 KB,230,Pass,1594460682305.4094,1594460682313.394,1594460682747.7217,434.3276023864746,442.31224060058594
A Privacy-Preserving Voting Protocol on Blockchain.pdf,1.144 MB,448,Pass,1594460682811.4697,1594460682830.4617,1594460683160.2651,329.803466796875,348.79541397094727
A Proposal for Account Recovery in Decentralized Applications.pdf,662.267 KB,519,Pass,1594460683205.842,1594460683216.84,1594460683435.7393,218.89925003051758,229.89726066589355
A Reputation Management Framework for Knowledge-Based and Probabilistic Blockchains.pdf,809.709 KB,32,Pass,1594460683480.2085,1594460683492.1497,1594460683864.1184,371.96874618530273,383.9099407196045
A Response to the United Nations CITES Blockchain Challenge Incremental and Integrative PoA-based Permit Exchange.pdf,198.754 KB,668,Pass,1594460683899.5254,1594460683904.52,1594460684362.0334,457.51333236694336,462.507963180542
A Review on Benefits of IoT Integrated Blockchain based Supply Chain Management Implementations across Different Sectors with Case Study.pdf,3.137 MB,138,Pass,1594460684395.1094,1594460684434.071,1594460684659.0405,224.96938705444336,263.9310359954834
A Scalable and Extensible Blockchain Architecture.pdf,691.778 KB,169,Pass,1594460684681.3545,1594460684696.3342,1594460684886.1448,189.81075286865234,204.7903537750244
A Security Reference Architecture for Blockchains.pdf,179.312 KB,769,Pass,1594460684912.7063,1594460684917.9294,1594460685319.2886,401.35908126831055,406.5821170806885
A Small Java Application for Learning Blockchain.pdf,375.458 KB,231,Pass,1594460685346.369,1594460685354.3242,1594460685534.3477,180.0234317779541,187.97898292541504
A Study on Hybrid Blockchain-based XGS (XOR Global State) Injection Technology for Efficient Contents Modification and Deletion.pdf,246.121 KB,232,Pass,1594460685633.266,1594460685638.2583,1594460685822.2346,183.976411819458,188.96842002868652
A Theoretical Model for Fork Analysis in the Bitcoin Network.pdf,562.666 KB,452,Pass,1594460685843.119,1594460685853.1304,1594460686106.8381,253.7078857421875,263.7193202972412
A Vademecum on Blockchain Technologies- When| Which| and How.pdf,3.469 MB,3632,Pass,1594460686182.9324,1594460686223.9587,1594460692252.025,6028.066158294678,6069.092512130737
A Video Surveillance System Based on Permissioned Blockchains and Edge Computing.pdf,566.405 KB,278,Pass,1594460692281.0537,1594460692291.0227,1594460692808.871,517.8482532501221,527.8172492980957
Access Control for Electronic Health Records with Hybrid Blockchain-Edge Architecture.pdf,1.008 MB,412,Pass,1594460692840.3533,1594460692854.4082,1594460693291.3752,436.9668960571289,451.0219097137451
Adaptation of Proof-of-Stake-based Blockchains for IoT Data Streams.pdf,290.257 KB,100,Pass,1594460693327.3762,1594460693335.3735,1594460693407.374,72.00050354003906,79.99801635742188
AI Blockchain Platform for Trusting News.pdf,401.898 KB,465,Pass,1594460693423.7058,1594460693435.7769,1594460693900.7156,464.9386405944824,477.00977325439453
Air Gapped Wallet Schemes and Private Key Leakage in Permissioned Blockchain Platforms.pdf,157.424 KB,260,Pass,1594460693919.89,1594460693924.755,1594460694060.7283,135.97345352172852,140.8383846282959
Airdrops and Privacy A Case Study in Cross-Blockchain Analysis.pdf,809.827 KB,388,Pass,1594460694130.3057,1594460694143.1445,1594460694343.1094,199.9647617340088,212.80360221862793
An Access Control Model and Its Application in Blockchain.pdf,377.707 KB,209,Pass,1594460694437.2202,1594460694445.185,1594460694634.1567,188.97175788879395,196.93660736083984
An Efficient Miner Strategy for Selecting Cryptocurrency Transactions.pdf,742.386 KB,460,Pass,1594460694710.0532,1594460694725.0588,1594460695003.0283,277.9695987701416,292.97518730163574
Analysis of Data Management in Blockchain-Based Systems- From Architecture to Governance.pdf,6.207 MB,1106,Pass,1594460695072.0981,1594460695147.1116,1594460695570.128,423.0163097381592,498.0297088623047
Analysis of the Possibilities for Improvement of BlockChain Technology.pdf,323.784 KB,250,Pass,1594460695632.4966,1594460695640.5125,1594460695903.4834,262.9709243774414,270.98679542541504
ArtChain- Blockchain-Enabled Platform for Art Marketplace.pdf,514.683 KB,458,Pass,1594460695955.5586,1594460695964.581,1594460696229.302,264.7209167480469,273.7433910369873
Attack Surface Analysis of Permissioned Blockchain Platforms for Smart Cities.pdf,287.549 KB,392,Pass,1594460696254.235,1594460696260.2617,1594460696422.2346,161.9727611541748,167.9995059967041
Aurora- a robust and trustless verification and synchronization algorithm for distributed ledgers.pdf,500.439 KB,416,Pass,1594460696440.114,1594460696449.939,1594460696699.9446,250.00548362731934,259.8304748535156
Automatic Information Disclosure with Value Chains Based on Blockchain Technology.pdf,4.082 MB,211,Pass,1594460696715.9148,1594460696766.9434,1594460697056.9084,289.9649143218994,340.99364280700684
BeaconBlocks Augmenting Proof-of-Stake with.pdf,342.108 KB,497,Pass,1594460697085.8103,1594460697092.7993,1594460697747.7986,654.9992561340332,661.9882583618164
Bitcoin Blockchain Transactions Visualization.pdf,864.735 KB,390,Pass,1594460697769.7993,1594460697782.832,1594460698269.328,486.4957332611084,499.5286464691162
Bitcoin Mining with Transaction Fees A Game on the Block Size.pdf,7.467 MB,778,Pass,1594460698292.362,1594460698391.3599,1594460699137.3284,745.9685802459717,844.9664115905762
Bitcoin Options Pricing Using LSTM-Based Prediction Model and Blockchain Statistics.pdf,1.662 MB,51,Pass,1594460699177.3352,1594460699200.3584,1594460699826.493,626.1346340179443,649.1577625274658
BlendMAS- A Blockchain-Enabled Decentralized Microservices Architecture for Smart Public Safety.pdf,719.011 KB,527,Pass,1594460699850.322,1594460699861.3516,1594460700066.3179,204.96630668640137,215.99578857421875
Blockchain Access Privacy- Challenges and Directions.pdf,2.202 MB,279,Pass,1594460700102.595,1594460700130.6455,1594460700479.6162,348.9706516265869,377.02107429504395
Blockchain and the Internet of Things in the Industrial Sector.pdf,294.546 KB,76,Pass,1594460700530.0237,1594460700537.177,1594460700639.3435,102.16641426086426,109.31992530822754
Blockchain Art and Blockchain Facilitated Art Economy- Two Ways in Which Art and Blockchain Collide.pdf,805.106 KB,42,Pass,1594460700703.0867,1594460700714.1304,1594460700867.1025,152.97222137451172,164.0160083770752
Blockchain Based Aadhaar.pdf,265.590 KB,273,Pass,1594460700882.89,1594460700888.8809,1594460701144.8816,256.0005187988281,261.9915008544922
Blockchain Dividing Based on Node Community Clustering in Intelligent Manufacturing CPS.pdf,256.570 KB,406,Pass,1594460701160.8823,1594460701168.9111,1594460702004.2434,835.3321552276611,843.3611392974854
Blockchain Enabled Distributed Data Management - A Vision.pdf,199.252 KB,233,Pass,1594460702055.598,1594460702061.1096,1594460702217.24,156.13055229187012,161.64207458496094
Blockchain Explorer based on RPC-based Monitoring System.pdf,74.845 KB,182,Pass,1594460702283.03,1594460702286.2825,1594460702386.2922,100.00967979431152,103.26218605041504
Blockchain Games A Survey.pdf,1.413 MB,442,Pass,1594460702461.6145,1594460702479.6213,1594460702696.0015,216.38011932373047,234.38692092895508
Blockchain Implementation Assessment Framework| Case Study of IoT LPWA Licensing in Indonesia.pdf,402.742 KB,208,Pass,1594460702763.866,1594460702771.4724,1594460702970.4717,198.99916648864746,206.6056728363037
Blockchain Implementation for Analysis of Carbon Footprint across Food Supply Chain.pdf,901.162 KB,415,Pass,1594460703026.974,1594460703039.8184,1594460703891.7905,851.9723415374756,864.816427230835
Blockchain IoT (BIoT)- A New Direction for Solving Internet of Things Security and Trust Issues.pdf,954.950 KB,142,Pass,1594460703913.1318,1594460703929.1287,1594460704084.131,155.00235557556152,170.99928855895996
Blockchain Platform for Internet of Things.pdf,1.102 MB,312,Pass,1594460704160.162,1594460704175.1116,1594460704395.082,219.9704647064209,234.91978645324707
Blockchain Privacy Protection Scheme Based on Aggregate Signature.pdf,2.987 MB,170,Pass,1594460704444.5127,1594460704481.522,1594460704865.524,384.0017318725586,421.01120948791504
Blockchain Technologies- The Foreseeable Impact on Society and Industry.pdf,3.106 MB,463,Pass,1594460704897.575,1594460704938.5417,1594460705808.5427,870.0010776519775,910.9678268432617
Blockchain Technology Applied in Health The Study of Blockchain Application in the Health System (II).pdf,294.889 KB,90,Pass,1594460705840.5715,1594460705846.5718,1594460706006.5425,159.97076034545898,165.9708023071289
Blockchain Technology for e-Marketplace.pdf,117.774 KB,164,Pass,1594460706052.5537,1594460706056.2793,1594460706159.0266,102.74744033813477,106.47296905517578
Blockchain Technology Practical P2P Computing (Tutorial).pdf,48.872 KB,95,Pass,1594460706201.782,1594460706204.727,1594460706311.9,107.17296600341797,110.11791229248047
Blockchain-Based Charging Coordination Mechanism for Smart Grid Energy Storage Units.pdf,555.342 KB,427,Pass,1594460706339.3608,1594460706349.175,1594460706641.1165,291.94140434265137,301.755428314209
Blockchain-based e-Vote-as-a-Service.pdf,151.111 KB,238,Pass,1594460706704.9026,1594460706709.852,1594460706919.8516,209.99956130981445,214.9488925933838
Blockchain-Based Intelligent Network Management for 5G and Beyond.pdf,152.874 KB,211,Pass,1594460706974.8503,1594460706977.851,1594460707199.8552,222.00417518615723,225.0049114227295
Blockchain-Based Management of Video Surveillance Systems.pdf,159.504 KB,137,Pass,1594460707247.9702,1594460707254.9714,1594460707334.9678,79.99634742736816,86.99774742126465
Blockchain-Based Privacy-Preserving.pdf,120.296 KB,204,Pass,1594460707370.45,1594460707374.4202,1594460707558.4207,184.00049209594727,187.97063827514648
Blockchain-Based Real Estate Market- One Method for Applying Blockchain Technology in Commercial Real Estate Market.pdf,551.112 KB,365,Pass,1594460707636.671,1594460707645.6836,1594460708120.7666,475.0831127166748,484.09581184387207
Blockchain-based secure distributed control for software defined optical networking.pdf,993.632 KB,433,Pass,1594460708205.0544,1594460708218.8486,1594460708969.2993,750.450611114502,764.244794845581
Blockchain-inspired Framework for Runtime Verification of IoT Ecosystem Task Fulfillment.pdf,456.062 KB,363,Pass,1594460709016.0635,1594460709025.071,1594460709402.0364,376.9652843475342,385.9729766845703
Blockchainâ€™s Future Role in Cybersecurity.Analysis of Defensive and Offensive Potential Leveraging Blockchain-Based Platforms.pdf,342.834 KB,22,Pass,1594460709477.4668,1594460709485.4673,1594460709798.4958,313.02857398986816,321.0289478302002
BlockIPFS - Blockchain-Enabled Interplanetary File System for Forensic and Trusted Data Traceability.pdf,805.731 KB,388,Pass,1594460709881.258,1594460709892.2915,1594460710170.9702,278.67865562438965,289.71219062805176
BlockSIM- A practical simulation tool for optimal network design| stability and planning.pdf,157.304 KB,251,Pass,1594460710234.955,1594460710238.9434,1594460710417.9255,178.98225784301758,182.97052383422852
BlockSim- Blockchain Simulator.pdf,623.424 KB,547,Pass,1594460710488.9802,1594460710499.923,1594460710713.9475,214.02454376220703,224.96724128723145
BlockV- A Blockchain Enabled Peer-Peer Ride Sharing Service.pdf,4.791 MB,508,Pass,1594460710755.5835,1594460710817.6199,1594460711214.6094,396.9895839691162,459.0258598327637
BlockZoom- Large-Scale Blockchain Testbed.pdf,78.799 KB,136,Pass,1594460711234.595,1594460711238.6118,1594460711327.6091,88.99712562561035,93.01400184631348
BoR- Toward High-Performance Permissioned Blockchain in RDMA-Enabled Network.pdf,2.348 MB,1071,Pass,1594460711353.8613,1594460711384.8281,1594460716803.5308,5418.702602386475,5449.669361114502
Cascading Machine Learning to Attack Bitcoin Anonymity.pdf,311.496 KB,566,Pass,1594460716879.3728,1594460716885.6716,1594460717641.0015,755.3298473358154,761.6286277770996
ChainSplitter- Towards Blockchain-Based Industrial IoT Architecture for Supporting Hierarchical Storage.pdf,476.960 KB,711,Pass,1594460717697.4077,1594460717706.5298,1594460717955.4006,248.870849609375,257.9929828643799
Contract-based Approach for Security Deposit in Blockchain Networks with Shards.pdf,310.859 KB,401,Pass,1594460717987.0596,1594460717993.7068,1594460718343.7068,350.00014305114746,356.647253036499
Converging Blockchain and Machine Learning for Healthcare.pdf,80.107 KB,169,Pass,1594460718367.7185,1594460718371.7058,1594460718496.7075,125.00166893005371,128.98898124694824
Cybersecurity in the Blockchain Era.pdf,1.419 MB,278,Pass,1594460718514.7153,1594460718536.7065,1594460719091.707,555.0005435943604,576.9915580749512
DaiMoN A Decentralized Artificial Intelligence Model Network.pdf,357.964 KB,524,Pass,1594460719168.2598,1594460719175.17,1594460724198.2708,5023.100852966309,5030.010938644409
Data Mining-based Ethereum Fraud Detection.pdf,299.974 KB,524,Pass,1594460724269.2334,1594460724276.2341,1594460724503.7852,227.55098342895508,234.55166816711426
Decentralized and Collaborative AI on Blockchain.pdf,244.562 KB,508,Pass,1594460724573.3142,1594460724578.3179,1594460724889.3381,311.0201358795166,316.0238265991211
Demo Abstract An Interoperable Avatar Framework.pdf,607.674 KB,95,Pass,1594460724946.4487,1594460724961.4487,1594460725066.4531,105.00454902648926,120.00441551208496
Demo Blockchain for the Simplification and Automation of KYC Result Sharing.pdf,57.851 KB,140,Pass,1594460725127.451,1594460725132.4636,1594460725224.451,91.98713302612305,96.9998836517334
Design of Anomaly Detection and Visualization Tool for IoT Blockchain.pdf,219.338 KB,80,Pass,1594460725286.512,1594460725292.449,1594460725488.4766,196.0275173187256,201.9646167755127
Detection of Blockchain Transactions Used in Blockchain Mixer of Coin Join Type.pdf,848.862 KB,130,Pass,1594460725515.486,1594460725533.4558,1594460725708.4731,175.0173568725586,192.98720359802246
Detection of Tampered Images Using Blockchain Technology.pdf,89.993 KB,164,Pass,1594460725728.4893,1594460725731.4504,1594460725867.4521,136.0018253326416,138.962984085083
Deterministic Sub-Wallet for Cryptocurrencies.pdf,5.012 MB,338,Pass,1594460725891.9778,1594460725953.0166,1594460726347.988,394.9716091156006,456.0103416442871
Develop Leave Application using Blockchain Smart Contract.pdf,215.652 KB,149,Pass,1594460726376.9888,1594460726383.023,1594460726459.989,76.9660472869873,83.00042152404785
Deviant A Mutation Testing Tool for Solidity Smart Contracts.pdf,550.944 KB,379,Pass,1594460726484.7466,1594460726493.7092,1594460726696.0322,202.32295989990234,211.28559112548828
Distributed Authority Management Method Based on Blockchains.pdf,184.760 KB,304,Pass,1594460726724.4624,1594460726729.4531,1594460726918.4534,189.00036811828613,193.99094581604004
Economic Analysis of Blockchain Technology on Digital Platform Market.pdf,769.837 KB,437,Pass,1594460726945.5193,1594460726956.5305,1594460728910.5308,1954.0002346038818,1965.0115966796875
Edge Computing and Caching based Blockchain IoT Network.pdf,1.556 MB,109,Pass,1594460728933.4116,1594460728953.4531,1594460729042.753,89.29991722106934,109.34138298034668
EduCoin a Secure and Efficient Payment Solution for MOOC Environment.pdf,240.260 KB,367,Pass,1594460729111.7356,1594460729117.7239,1594460729435.694,317.97003746032715,323.9583969116211
Effective Scheme against 51% Attack on Proof-of-Work Blockchain with History Weighted Information.pdf,112.377 KB,799,Pass,1594460729487.3123,1594460729491.28,1594460729653.3103,162.03022003173828,165.99798202514648
Endorsement in Hyperledger Fabric.pdf,255.277 KB,582,Pass,1594460729695.3188,1594460729702.3127,1594460729943.2795,240.966796875,247.96056747436523
Energy Comparison of Blockchain Platforms for Internet of Things.pdf,114.552 KB,422,Pass,1594460729965.3093,1594460729969.2766,1594460730114.309,145.03240585327148,148.99969100952148
Enhancing Blockchain Traceability with DAG-Based Tokens.pdf,571.591 KB,440,Pass,1594460730153.279,1594460730162.311,1594460730640.2773,477.96630859375,486.9983196258545
Ensuring Genuineness for Selectively Disclosed Confidential Data Using Distributed Ledgers Applications to Rail Wayside Monitoring.pdf,533.648 KB,334,Pass,1594460730713.5227,1594460730722.5269,1594460731018.534,296.0071563720703,305.0112724304199
EUREKA - A Minimal Operational Prototype of a Blockchain-based Rating and Publishing System.pdf,114.679 KB,107,Pass,1594460731123.766,1594460731127.8228,1594460731278.7876,150.96473693847656,155.02142906188965
Evaluating the Impact of Network Latency on the Safety of Blockchain Transactions.pdf,613.652 KB,480,Pass,1594460731346.475,1594460731357.4854,1594460733925.5493,2568.063974380493,2579.0741443634033
E^2 C-Chain- A Two-Stage Incentive Education Employment and Skill Certification Blockchain.pdf,966.138 KB,536,Pass,1594460733948.3687,1594460733961.4004,1594460736400.3254,2438.925266265869,2451.9569873809814
FastChain- Scaling Blockchain System with Informed Neighbor Selection.pdf,625.303 KB,505,Pass,1594460736426.3289,1594460736437.3591,1594460736731.3274,293.96820068359375,304.99839782714844
Fork Rate-based Analysis of the Longest Chain Growth Time Interval of a PoW Blockchain.pdf,566.647 KB,449,Pass,1594460736826.0374,1594460736835.0325,1594460737097.0085,261.9760036468506,270.97105979919434
Formal Verification of Smart Contracts using Interface Automata.pdf,246.124 KB,461,Pass,1594460737181.39,1594460737188.1306,1594460737363.1304,174.99971389770508,181.74052238464355
From Oracles to Trustworthy Data On-chaining Systems.pdf,629.771 KB,460,Pass,1594460737386.9272,1594460737396.7715,1594460737600.7446,203.97329330444336,213.81759643554688
Graph-Based Computing Resource Allocation for Mobile Blockchain.pdf,115.798 KB,173,Pass,1594460737658.5361,1594460737662.5222,1594460737772.5325,110.01014709472656,113.99626731872559
Groupchain Towards a Scalable Public Blockchain in Fog Computing of IoT Services Computing.pdf,2.579 MB,873,Pass,1594460737793.5408,1594460737827.5042,1594460738238.5002,410.9961986541748,444.9596405029297
HaBiTs Blockchain-based Telesurgery Framework for Healthcare 4.0.pdf,797.449 KB,339,Pass,1594460738294.09,1594460738306.1323,1594460738482.1084,175.97603797912598,188.0183219909668
How Much Blockchain Do You Need Towards a Concept for Building Hybrid DApp Architectures.pdf,489.706 KB,244,Pass,1594460738540.0999,1594460738548.1326,1594460738704.098,155.96532821655273,163.99812698364258
Hybrid Blockchain Design for Privacy Preserving Crowdsourcing Platform.pdf,231.866 KB,523,Pass,1594460738779.3862,1594460738785.3794,1594460739065.3425,279.96301651000977,285.95614433288574
IBFT Liveness Analysis.pdf,140.334 KB,337,Pass,1594460739129.3796,1594460739135.3733,1594460739405.3718,269.99855041503906,275.99215507507324
Initial Public Offering (IPO) on Permissioned Blockchain Using Secure Multiparty Computation.pdf,832.522 KB,487,Pass,1594460739466.3433,1594460739479.341,1594460739711.3438,232.00273513793945,245.00060081481934
Integration of Blockchain and IoT in Satellite Monitoring Process.pdf,3.280 MB,164,Pass,1594460739767.0293,1594460739813.0461,1594460740167.2385,354.19225692749023,400.2091884613037
Integration of Blockchains with Management Information Systems.pdf,2.249 MB,399,Pass,1594460740196.4673,1594460740225.4565,1594460740390.463,165.0063991546631,193.99547576904297
Integration of Fog Computing and Blockchain Technology Using the Plasma Framework.pdf,113.870 KB,271,Pass,1594460740418.4697,1594460740422.43,1594460740830.4285,407.99832344055176,411.9586944580078
Internet of Things based Blockchain Key Management.pdf,1.502 MB,202,Pass,1594460740883.8074,1594460740902.8508,1594460741117.9045,215.05355834960938,234.09700393676758
Lockless Transaction Isolation in Hyperledger Fabric.pdf,291.021 KB,497,Pass,1594460741197.6538,1594460741204.389,1594460741395.418,191.02907180786133,197.76415824890137
Medusa Blockchain Powered Log Storage System.pdf,375.049 KB,203,Pass,1594460741416.136,1594460741423.132,1594460741705.1047,281.97264671325684,288.9688014984131
Micro-Accreditation for Matching Employer e-Hire Needs.pdf,614.423 KB,292,Pass,1594460741758.899,1594460741771.932,1594460742038.9124,266.9804096221924,280.0133228302002
Modeling of Blockchain Based Systems Using Queuing Theory Simulation.pdf,3.647 MB,99,Pass,1594460742083.8977,1594460742128.932,1594460742493.898,364.96591567993164,410.0003242492676
NEO Smart Contract for Drought-Based Insurance.pdf,160.918 KB,242,Pass,1594460742512.8972,1594460742519.8987,1594460742701.8972,181.99849128723145,188.99989128112793
New Mathematical Model to Analyze Security of Sharding-Based Blockchain Protocols.pdf,4.289 MB,561,Pass,1594460742731.5425,1594460742784.5374,1594460743085.5303,300.9929656982422,353.9876937866211
Next Generation Blockchain Network (NGBN).pdf,550.520 KB,185,Pass,1594460743154.1274,1594460743164.1587,1594460743316.127,151.96847915649414,161.99970245361328
NutBaaS- A Blockchain-as-a-Service Platform.pdf,4.642 MB,719,Pass,1594460743337.1272,1594460743394.154,1594460743676.6025,282.44853019714355,339.4753932952881
oDAG- An Efficient and Compacted DAG-Based Blockchain Protocol.pdf,1.738 MB,233,Pass,1594460743741.4988,1594460743767.499,1594460744003.4077,235.90874671936035,261.90900802612305
On Comparing Software Quality Metrics of Traditional vs Blockchain-Oriented Software An Empirical Study.pdf,867.746 KB,388,Pass,1594460744049.5935,1594460744061.6233,1594460744208.5935,146.97027206420898,159.00015830993652
On forks and fork characteristics in a Bitcoin-like.pdf,421.825 KB,467,Pass,1594460744238.6277,1594460744245.5972,1594460744873.5947,627.997636795044,634.9670886993408
On Sharding Permissioned Blockchains.pdf,293.600 KB,268,Pass,1594460744897.237,1594460744903.2278,1594460745049.23,146.00205421447754,151.9927978515625
OpBench- A CPU Performance Benchmark for Ethereum Smart Contract Operation Code.pdf,227.823 KB,839,Pass,1594460745069.2332,1594460745074.2576,1594460745457.2456,382.98797607421875,388.0124092102051
Optimizing RocksDB for Better Read Throughput in Blockchain Systems.pdf,1.598 MB,274,Pass,1594460745505.1497,1594460745530.1492,1594460745663.1855,133.03637504577637,158.0359935760498
Ownership Preserving AI Market Places Using Blockchain.pdf,5.673 MB,586,Pass,1594460745744.9622,1594460745812.9702,1594460746098.9993,286.0291004180908,354.0370464324951
Performance Analysis of a Hyperledger Fabric Blockchain Framework- Throughput| Latency and Scalability.pdf,980.634 KB,298,Pass,1594460746171.6143,1594460746185.6091,1594460746322.5657,136.95645332336426,150.95138549804688
Performance Analysis of the Libra Blockchain- An Experimental Study.pdf,353.191 KB,505,Pass,1594460746386.7769,1594460746393.6104,1594460747309.657,916.0468578338623,922.8801727294922
Privacy-Preserving and Efficient Multi-Keyword Search over Encrypted Data on Blockchain.pdf,156.991 KB,408,Pass,1594460747351.6812,1594460747356.7446,1594460747605.8992,249.15456771850586,254.21786308288574
Privacy-Protected Blockchain System.pdf,213.884 KB,231,Pass,1594460747629.902,1594460747634.9297,1594460747864.8994,229.96973991394043,234.99727249145508
Probabilistic Blockchains A Blockchain Paradigm for Collaborative Decision-Making.pdf,3.605 MB,485,Pass,1594460747886.9023,1594460747935.935,1594460748630.9001,694.965124130249,743.9978122711182
Process-Based Composition of Permissioned and Permissionless Blockchain Smart Contracts.pdf,442.596 KB,593,Pass,1594460748713.9023,1594460748721.497,1594460749330.4973,609.0002059936523,616.5950298309326
Proof-of-Property - A Lightweight and Scalable Blockchain Protocol.pdf,288.701 KB,260,Pass,1594460749359.9895,1594460749366.9563,1594460750057.9773,691.0209655761719,697.9877948760986
Properties of the Tangle for uniform random and random walk tip selection.pdf,957.912 KB,630,Pass,1594460750106.9673,1594460750120.9556,1594460756575.9812,6455.025672912598,6469.013929367065
Proteus- A Scalable BFT Consensus Protocol for Blockchains.pdf,124.221 KB,320,Pass,1594460756632.798,1594460756636.8164,1594460756876.6584,239.84193801879883,243.86024475097656
Prototype of Blockchain in Dental care service application based on Hyperledger Composer in Hyperledger Fabric framework.pdf,742.100 KB,178,Pass,1594460756899.2058,1594460756913.2236,1594460757131.2036,217.97990798950195,231.99772834777832
Proximity Neighbor Selection in Blockchain Networks.pdf,631.867 KB,368,Pass,1594460757160.3054,1594460757171.3093,1594460757666.307,494.9977397918701,506.00147247314453
Puncturable Signatures and Applications in Proof-of-Stake Blockchain Protocols.pdf,3.469 MB,918,Pass,1594460757725.7844,1594460757775.7566,1594460758346.7563,570.9998607635498,620.9719181060791
Punishment not Reward- Disincentivising Blockchain Application Misbehaviour.pdf,65.629 KB,223,Pass,1594460758377.755,1594460758380.7551,1594460758484.774,104.0186882019043,107.01894760131836
Remote Configuration of Integrated Circuit Features and Firmware Management via Smart Contract.pdf,678.056 KB,415,Pass,1594460758503.1223,1594460758514.1545,1594460758739.1206,224.96628761291504,235.99839210510254
Reputation-based Byzantine Fault-Tolerance for Consortium Blockchain.pdf,407.199 KB,395,Pass,1594460758791.4731,1594460758799.4353,1594460759173.4854,374.0499019622803,382.01212882995605
Research on Government Information Sharing Model Using Blockchain Technology.pdf,260.737 KB,152,Pass,1594460759245.4932,1594460759251.5134,1594460759363.4866,111.97304725646973,117.99335479736328
Research on Modify Protection of Metrology Electronic Certificate Based on Blockchain Technology.pdf,125.061 KB,194,Pass,1594460759394.1704,1594460759399.1697,1594460759825.1404,425.97079277038574,430.9699535369873
Review of Blockchain Technology Vulnerabilities and Blockchain-System Attacks.pdf,181.047 KB,295,Pass,1594460759909.5261,1594460759913.4897,1594460760231.489,317.99912452697754,321.962833404541
RobustPay- Robust Payment Routing Protocol in Blockchain-based Payment Channel Networks.pdf,146.847 KB,275,Pass,1594460760257.4436,1594460760262.4521,1594460760475.766,213.31405639648438,218.3225154876709
RSP Consensus Algorithm for Blockchain.pdf,324.270 KB,160,Pass,1594460760520.7659,1594460760526.7253,1594460760685.7275,159.00230407714844,164.9618148803711
Scalable Blockchain-based Architecture for Massive IoT Reconfiguration .pdf,235.304 KB,199,Pass,1594460760734.727,1594460760740.7278,1594460760976.7292,236.00149154663086,242.00201034545898
Scalable distributed random number generation based on homomorphic encryption.pdf,252.302 KB,399,Pass,1594460761026.788,1594460761032.788,1594460761295.6663,262.8781795501709,268.8782215118408
Scalable Privacy-Preserving Query Processing over Ethereum Blockchain.pdf,204.358 KB,391,Pass,1594460761316.4521,1594460761322.4443,1594460761682.4443,359.9998950958252,365.99206924438477
Scaling Blockchains- A Comprehensive Survey.pdf,950.446 KB,1271,Pass,1594460761747.2742,1594460761761.2756,1594460762222.2993,461.02380752563477,475.0251770019531
Section-Blockchain- A Storage Reduced Blockchain Protocol| the Foundation of an Autotrophic Decentralized Storage Architecture.pdf,1.949 MB,44,Pass,1594460762258.3726,1594460762284.2744,1594460765742.1213,3457.8468799591064,3483.7486743927
Security Management and Visualization in a Blockchain-based Collaborative Defense.pdf,135.358 KB,239,Pass,1594460765767.7915,1594460765771.7903,1594460766129.7915,358.0012321472168,361.9999885559082
Segment Blockchain A Size Reduced Storage.pdf,5.730 MB,532,Pass,1594460766204.9568,1594460766284.9937,1594460766528.9668,243.9732551574707,324.01013374328613
Simulating a Blockchain Network with SimBlock.pdf,122.678 KB,117,Pass,1594460766579.964,1594460766583.5679,1594460766867.5764,284.0085029602051,287.6121997833252
Smart Blockchain Badges for Data Science Education.pdf,244.252 KB,192,Pass,1594460766892.575,1594460766897.5754,1594460767096.6055,199.03016090393066,204.03051376342773
Smart Contract Defense through Bytecode Rewriting.pdf,142.005 KB,318,Pass,1594460767116.088,1594460767120.0881,1594460767353.0862,232.99813270568848,236.9983196258545
Smart Contract-based Secured Business-to-Consumer Supply Chain Systems.pdf,448.597 KB,334,Pass,1594460767380.1016,1594460767389.0854,1594460767672.0854,282.99999237060547,291.98408126831055
SSP- Self-Sovereign Privacy for Internet of Things using Blockchain and MPC.pdf,363.832 KB,374,Pass,1594460767746.1804,1594460767753.164,1594460767987.152,233.98804664611816,240.97156524658203
Tackling Data Inefficiency- Compressing the Bitcoin Blockchain.pdf,267.129 KB,445,Pass,1594460768032.1436,1594460768038.1748,1594460769659.1506,1620.9757328033447,1627.007007598877
Teaching Blockchain for Business.pdf,210.464 KB,242,Pass,1594460769737.1619,1594460769742.7585,1594460769925.7588,183.0003261566162,188.5969638824463
TendrilStaller Block Delay Attack in Bitcoin.pdf,7.174 MB,694,Pass,1594460769940.51,1594460770026.5464,1594460770560.5186,533.9720249176025,620.0084686279297
The Design of a Mobile Number Portability System on a Permissioned Private Blockchain Platform.pdf,148.728 KB,195,Pass,1594460770612.9685,1594460770617.9292,1594460770825.9282,207.99899101257324,212.95976638793945
Token-based Sharing Control for IPFS.pdf,674.287 KB,411,Pass,1594460770898.0781,1594460770908.1016,1594460771223.7446,315.6430721282959,325.6664276123047
Toward a Decentralized Marketplace for Self-Maintaining Machines.pdf,1.073 MB,476,Pass,1594460771286.805,1594460771301.7188,1594460771594.8618,293.14303398132324,308.0568313598633
Toward a Decentralized| Trust-Less Marketplace for Brokered IoT Data Trading Using Blockchain.pdf,444.651 KB,467,Pass,1594460771647.294,1594460771655.3225,1594460771926.2944,270.97177505493164,279.00028228759766
Towards Application Portability on Blockchains.pdf,1.063 MB,224,Pass,1594460771969.7332,1594460771983.7588,1594460772214.7297,230.971097946167,244.9965476989746
Towards Blockchain Interoperability Improving Video Games Data Exchange.pdf,119.441 KB,468,Pass,1594460772234.7305,1594460772238.7307,1594460772449.7312,211.0004425048828,215.00062942504883
Towards Post-Quantum Blockchain- A Review on Blockchain Cryptography Resistant to Quantum Computing Attacks.pdf,4.230 MB,2206,Pass,1594460772467.5002,1594460772519.499,1594460772974.525,455.02591133117676,507.02476501464844
Towards Secure and Decentralized Sharing of IoT Data.pdf,227.470 KB,596,Pass,1594460773000.282,1594460773006.3113,1594460773387.3135,381.00218772888184,387.03131675720215
Traceability in Permissioned Blockchain.pdf,160.965 KB,577,Pass,1594460773406.6833,1594460773410.7136,1594460773740.2888,329.5750617980957,333.6052894592285
Trinity- A Byzantine Fault-Tolerant Distributed Publish-Subscribe System with Immutable Blockchain-based Persistence.pdf,246.999 KB,517,Pass,1594460773761.288,1594460773767.3225,1594460773964.3232,197.00074195861816,203.0351161956787
Trust access authentication in vehicular network based on blockchain.pdf,1.442 MB,460,Pass,1594460773985.3247,1594460774005.3286,1594460775468.6218,1463.2930755615234,1483.2971096038818
TrustChain- Trust Management in Blockchain and IoT Supported Supply Chains.pdf,639.101 KB,493,Pass,1594460775510.814,1594460775520.8413,1594460775832.806,311.9645118713379,321.9919204711914
Unleashing the Full Potential of Blockchain Technology for Security-Sensitive Business Applications.pdf,128.568 KB,614,Pass,1594460775857.8093,1594460775861.84,1594460776180.236,318.39609146118164,322.42679595947266
Why Blockchain Is Important for Software Developers| and Why Software Engineering Is Important for Blockchain Software (Keynote).pdf,97.194 KB,16,Pass,1594460776236.3787,1594460776241.319,1594460776356.55,115.23079872131348,120.17130851745605
Will Blockchain Technology Become a Reality in Sensor Networks.pdf,273.725 KB,202,Pass,1594460776375.5198,1594460776381.517,1594460776531.5176,150.00033378601074,155.99775314331055
Yugala- Blockchain based Encrypted Cloud Storage for IoT Data.pdf,737.701 KB,445,Pass,1594460776576.517,1594460776587.5154,1594460776767.52,180.00459671020508,191.00284576416016
zk-AuthFeed- How to Feed Authenticated Data into Smart Contract with Zero Knowledge.pdf,489.374 KB,529,Pass,1594460776801.5347,1594460776812.4763,1594460777431.4448,618.9684867858887,629.9102306365967
